ip,domain,numberOfPackets,totalMbSize,startTime,endTime,protocol
185.176.27.54,,2,0.000108,1574956665.2964041,1574956665.2964897,tcp
216.58.213.138,par21s03-in-f138.1e100.net,2,0.000148,1574956667.1718059,1574956667.1765282,tcp
216.58.213.138,par21s03-in-f138.1e100.net,3,0.000936,1574956667.271204,1574956667.2814608,tcp
216.58.213.138,par21s03-in-f138.1e100.net,2,0.001681,1574956667.3036232,1574956667.3062823,tcp
216.58.213.138,par21s03-in-f138.1e100.net,2,0.000899,1574956667.3419404,1574956667.3505175,tcp
172.217.22.138,par21s12-in-f10.1e100.net,2,0.000148,1574956667.3526049,1574956667.3569186,tcp
216.58.213.138,par21s03-in-f138.1e100.net,2,0.000651,1574956667.3682573,1574956667.368368,tcp
172.217.22.138,par21s12-in-f10.1e100.net,3,0.0042190000000000005,1574956667.3770146,1574956667.3861651,tcp
172.217.22.138,par21s12-in-f10.1e100.net,2,0.00013199999999999998,1574956667.4041624,1574956667.4042504,tcp
172.217.22.138,par21s12-in-f10.1e100.net,3,0.000613,1574956667.4361262,1574956667.43715,tcp
172.217.22.138,par21s12-in-f10.1e100.net,7,0.0006239999999999999,1574956667.4832692,1574956667.5055795,tcp
172.217.22.138,par21s12-in-f10.1e100.net,3,0.00035899999999999994,1574956667.8395178,1574956668.095291,tcp
172.217.22.138,par21s12-in-f10.1e100.net,2,0.0026,1574956668.4739418,1574956668.4739487,tcp
172.217.22.138,par21s12-in-f10.1e100.net,4,0.00026399999999999997,1574956668.4961228,1574956668.4973345,tcp
216.58.209.234,par10s29-in-f10.1e100.net,2,0.000148,1574956668.6593833,1574956668.6643393,tcp
172.217.18.195,par10s38-in-f3.1e100.net,2,0.000148,1574956668.6670055,1574956668.6717973,tcp
216.58.209.234,par10s29-in-f10.1e100.net,3,0.004629,1574956668.6813476,1574956668.691508,tcp
216.58.213.138,par21s03-in-f138.1e100.net,2,0.000148,1574956668.7029438,1574956668.7074575,tcp
216.58.209.234,par10s29-in-f10.1e100.net,2,0.00013199999999999998,1574956668.7083168,1574956668.7083316,tcp
216.58.213.138,par21s03-in-f138.1e100.net,3,0.004214,1574956668.7277203,1574956668.7382317,tcp
216.58.209.234,par10s29-in-f10.1e100.net,2,0.0007819999999999999,1574956668.7627325,1574956668.7660341,tcp
216.58.213.138,par21s03-in-f138.1e100.net,2,0.00013199999999999998,1574956668.7574162,1574956668.757457,tcp
172.217.18.195,par10s38-in-f3.1e100.net,3,0.004079999999999999,1574956668.7660937,1574956668.775837,tcp
216.58.213.138,par21s03-in-f138.1e100.net,2,0.00048499999999999997,1574956668.7844443,1574956668.7844975,tcp
172.217.18.195,par10s38-in-f3.1e100.net,2,0.00013199999999999998,1574956668.7918565,1574956668.7942917,tcp
216.58.213.138,par21s03-in-f138.1e100.net,8,0.003181,1574956668.8221123,1574956668.8647466,tcp
172.217.18.195,par10s38-in-f3.1e100.net,2,0.00048499999999999997,1574956668.8807185,1574956668.8807607,tcp
172.217.18.195,par10s38-in-f3.1e100.net,4,0.0011359999999999999,1574956668.9085813,1574956668.9146643,tcp
172.217.18.195,par10s38-in-f3.1e100.net,2,0.00013199999999999998,1574956668.932068,1574956668.9334354,tcp
216.58.204.129,par21s05-in-f1.1e100.net,2,0.000148,1574956668.9414713,1574956668.945961,tcp
216.58.204.129,par21s05-in-f1.1e100.net,2,0.000148,1574956668.9428797,1574956668.9471815,tcp
216.58.204.129,par21s05-in-f1.1e100.net,2,0.00032199999999999997,1574956668.963786,1574956668.9682202,tcp
216.58.204.129,par21s05-in-f1.1e100.net,4,0.005123,1574956668.96391,1574956668.973252,tcp
216.58.204.129,par21s05-in-f1.1e100.net,2,0.00013199999999999998,1574956668.989489,1574956668.9895504,tcp
216.58.204.129,par21s05-in-f1.1e100.net,2,0.00013199999999999998,1574956668.9933183,1574956668.9934413,tcp
216.58.204.129,par21s05-in-f1.1e100.net,3,0.000644,1574956669.0032258,1574956669.0078259,tcp
216.58.204.129,par21s05-in-f1.1e100.net,7,0.001085,1574956668.999145,1574956669.0229685,tcp
216.58.209.234,par10s29-in-f10.1e100.net,8,0.00168,1574956668.7791355,1574956668.8183277,tcp
216.58.213.138,par21s03-in-f138.1e100.net,2,0.000256,1574956668.9789844,1574956668.9834323,tcp
216.58.213.138,par21s03-in-f138.1e100.net,2,0.001565,1574956669.1102176,1574956669.1102211,tcp
216.58.209.234,par10s29-in-f10.1e100.net,2,0.006876999999999999,1574956669.1102102,1574956669.1102245,tcp
216.58.209.234,par10s29-in-f10.1e100.net,3,0.0042450000000000005,1574956669.1115763,1574956669.1121867,tcp
216.58.209.234,par10s29-in-f10.1e100.net,5,0.011122,1574956669.1143398,1574956669.1175778,tcp
216.58.213.138,par21s03-in-f138.1e100.net,3,0.000198,1574956669.1285682,1574956669.1287427,tcp
216.58.209.234,par10s29-in-f10.1e100.net,2,0.00013199999999999998,1574956669.1306386,1574956669.1306684,tcp
216.58.209.234,par10s29-in-f10.1e100.net,2,0.00013199999999999998,1574956669.1319797,1574956669.1320102,tcp
216.58.209.234,par10s29-in-f10.1e100.net,7,0.004509000000000001,1574956669.133577,1574956669.134105,tcp
216.58.209.234,par10s29-in-f10.1e100.net,3,0.0042450000000000005,1574956669.1355407,1574956669.136205,tcp
216.58.209.234,par10s29-in-f10.1e100.net,2,0.00283,1574956669.1383407,1574956669.138382,tcp
216.58.209.234,par10s29-in-f10.1e100.net,31,0.03846899999999998,1574956669.1394732,1574956669.1537628,tcp
216.58.209.234,par10s29-in-f10.1e100.net,4,0.004311000000000001,1574956669.1552243,1574956669.1556547,tcp
216.58.209.234,par10s29-in-f10.1e100.net,2,0.00283,1574956669.1571984,1574956669.1572464,tcp
216.58.209.234,par10s29-in-f10.1e100.net,3,0.0042450000000000005,1574956669.1586547,1574956669.159046,tcp
216.58.209.234,par10s29-in-f10.1e100.net,12,0.010235,1574956669.159787,1574956669.162641,tcp
216.58.209.234,par10s29-in-f10.1e100.net,2,0.00013199999999999998,1574956669.1644063,1574956669.1644309,tcp
216.58.209.234,par10s29-in-f10.1e100.net,3,0.0042450000000000005,1574956669.1673348,1574956669.1676648,tcp
216.58.209.234,par10s29-in-f10.1e100.net,43,0.03926099999999995,1574956669.1684327,1574956669.1794865,tcp
216.58.209.234,par10s29-in-f10.1e100.net,3,0.0042450000000000005,1574956669.1810842,1574956669.1814475,tcp
216.58.209.234,par10s29-in-f10.1e100.net,24,0.05082299999999999,1574956669.1822069,1574956669.1906548,tcp
216.58.209.234,par10s29-in-f10.1e100.net,2,0.00013199999999999998,1574956669.1921842,1574956669.1922052,tcp
216.58.209.234,par10s29-in-f10.1e100.net,6,0.0003959999999999999,1574956669.19234,1574956669.1926777,tcp
216.58.209.234,par10s29-in-f10.1e100.net,7,0.0004619999999999999,1574956669.1936746,1574956669.200913,tcp
216.58.209.234,par10s29-in-f10.1e100.net,2,0.00013199999999999998,1574956669.211832,1574956669.2118413,tcp
216.58.209.234,par10s29-in-f10.1e100.net,6,0.0003959999999999999,1574956669.2119637,1574956669.212376,tcp
216.58.209.234,par10s29-in-f10.1e100.net,8,0.0005639999999999999,1574956669.216597,1574956669.218352,tcp
216.58.213.138,par21s03-in-f138.1e100.net,2,0.000178,1574956669.1320314,1574956669.1364594,tcp
216.58.213.138,par21s03-in-f138.1e100.net,3,0.0042450000000000005,1574956669.3983948,1574956669.3989103,tcp
216.58.213.138,par21s03-in-f138.1e100.net,2,0.00283,1574956669.4012523,1574956669.401294,tcp
216.58.213.138,par21s03-in-f138.1e100.net,2,0.00283,1574956669.4036252,1574956669.4036596,tcp
216.58.204.129,par21s05-in-f1.1e100.net,3,0.000274,1574956669.0295026,1574956669.05402,tcp
216.58.204.129,par21s05-in-f1.1e100.net,2,0.004179,1574956669.405105,1574956669.4051123,tcp
216.58.213.138,par21s03-in-f138.1e100.net,4,0.005640000000000001,1574956669.4048412,1574956669.407143,tcp
216.58.213.138,par21s03-in-f138.1e100.net,2,0.00013199999999999998,1574956669.4166758,1574956669.4184523,tcp
216.58.213.138,par21s03-in-f138.1e100.net,2,0.00013199999999999998,1574956669.422541,1574956669.4228864,tcp
216.58.204.129,par21s05-in-f1.1e100.net,14,0.023856999999999996,1574956669.4061959,1574956669.414482,tcp
216.58.204.129,par21s05-in-f1.1e100.net,4,0.00026399999999999997,1574956669.427946,1574956669.4281654,tcp
216.58.204.129,par21s05-in-f1.1e100.net,2,0.00013199999999999998,1574956669.4301333,1574956669.43015,tcp
216.58.204.129,par21s05-in-f1.1e100.net,5,0.0016790000000000004,1574956669.430619,1574956669.4314983,tcp
216.58.204.129,par21s05-in-f1.1e100.net,2,0.00283,1574956669.4326787,1574956669.43272,tcp
216.58.213.138,par21s03-in-f138.1e100.net,2,0.000178,1574956669.4279838,1574956669.4300697,tcp
216.58.204.129,par21s05-in-f1.1e100.net,2,0.00283,1574956669.4347613,1574956669.4348066,tcp
216.58.204.129,par21s05-in-f1.1e100.net,2,0.00283,1574956669.4368565,1574956669.4369183,tcp
216.58.204.129,par21s05-in-f1.1e100.net,2,0.00283,1574956669.4388895,1574956669.438938,tcp
216.58.204.129,par21s05-in-f1.1e100.net,2,0.00283,1574956669.4408653,1574956669.4409044,tcp
216.58.204.129,par21s05-in-f1.1e100.net,2,0.00283,1574956669.4427996,1574956669.4428577,tcp
216.58.204.129,par21s05-in-f1.1e100.net,19,0.024280999999999997,1574956669.4470794,1574956669.4894748,tcp
216.58.204.129,par21s05-in-f1.1e100.net,3,0.000198,1574956669.526445,1574956669.5265145,tcp
216.58.204.129,par21s05-in-f1.1e100.net,4,0.00026399999999999997,1574956669.526756,1574956669.52684,tcp
216.58.204.129,par21s05-in-f1.1e100.net,3,0.000198,1574956669.5283337,1574956669.5284276,tcp
216.58.204.129,par21s05-in-f1.1e100.net,13,0.004905000000000001,1574956669.52927,1574956669.5298336,tcp
216.58.204.129,par21s05-in-f1.1e100.net,2,0.001527,1574956669.5307567,1574956669.5308156,tcp
216.58.204.129,par21s05-in-f1.1e100.net,106,0.142557,1574956669.5311272,1574956669.571279,tcp
216.58.204.129,par21s05-in-f1.1e100.net,2,0.00013199999999999998,1574956669.57826,1574956669.57828,tcp
216.58.204.129,par21s05-in-f1.1e100.net,3,0.000198,1574956669.5784774,1574956669.578667,tcp
216.58.204.129,par21s05-in-f1.1e100.net,2,0.00013199999999999998,1574956669.5797038,1574956669.579797,tcp
216.58.204.129,par21s05-in-f1.1e100.net,2,0.000156,1574956669.5843806,1574956669.5843928,tcp
216.58.204.129,par21s05-in-f1.1e100.net,4,0.00028799999999999995,1574956669.5844917,1574956669.5846741,tcp
216.58.204.129,par21s05-in-f1.1e100.net,2,0.00013199999999999998,1574956669.584852,1574956669.58487,tcp
216.58.204.129,par21s05-in-f1.1e100.net,2,0.00013199999999999998,1574956669.5851038,1574956669.585127,tcp
216.58.204.129,par21s05-in-f1.1e100.net,2,0.00013199999999999998,1574956669.5856168,1574956669.5856555,tcp
216.58.204.129,par21s05-in-f1.1e100.net,5,0.00032999999999999994,1574956669.5857937,1574956669.58604,tcp
216.58.204.129,par21s05-in-f1.1e100.net,2,0.00013199999999999998,1574956669.5876505,1574956669.58767,tcp
216.58.204.129,par21s05-in-f1.1e100.net,2,0.00013199999999999998,1574956669.5878468,1574956669.5878727,tcp
216.58.204.129,par21s05-in-f1.1e100.net,3,0.000198,1574956669.5879936,1574956669.588129,tcp
216.58.204.129,par21s05-in-f1.1e100.net,2,0.00013199999999999998,1574956669.5883174,1574956669.5883424,tcp
216.58.213.138,par21s03-in-f138.1e100.net,2,0.00023799999999999998,1574956669.526691,1574956669.531092,tcp
216.58.213.138,par21s03-in-f138.1e100.net,2,0.000547,1574956669.7023628,1574956669.7023678,tcp
216.58.213.138,par21s03-in-f138.1e100.net,3,0.00024399999999999997,1574956669.733359,1574956669.7334003,tcp
216.58.213.138,par21s03-in-f138.1e100.net,2,0.00037099999999999996,1574956669.754677,1574956669.7591367,tcp
216.58.213.138,par21s03-in-f138.1e100.net,3,0.00074,1574956670.1059442,1574956670.1060343,tcp
216.58.213.138,par21s03-in-f138.1e100.net,2,0.000178,1574956670.129948,1574956670.134444,tcp
216.58.213.138,par21s03-in-f138.1e100.net,3,0.001121,1574956670.1472394,1574956670.1565588,tcp
216.58.213.138,par21s03-in-f138.1e100.net,3,0.003549,1574956670.5062833,1574956670.5068345,tcp
216.58.213.138,par21s03-in-f138.1e100.net,2,0.00013199999999999998,1574956670.5287986,1574956670.528825,tcp
216.58.213.138,par21s03-in-f138.1e100.net,5,0.0010609999999999999,1574956670.5397074,1574956670.6245985,tcp
216.58.213.138,par21s03-in-f138.1e100.net,3,0.0015679999999999997,1574956670.7892752,1574956670.7895808,tcp
216.58.213.138,par21s03-in-f138.1e100.net,4,0.001806,1574956670.8073266,1574956670.8081923,tcp
216.58.213.138,par21s03-in-f138.1e100.net,7,0.002656,1574956670.823467,1574956670.8619857,tcp
216.58.213.138,par21s03-in-f138.1e100.net,2,0.000178,1574956670.8808513,1574956670.8808763,tcp
66.102.1.188,wb-in-f188.1e100.net,2,0.000148,1574956671.151139,1574956671.160297,tcp
66.102.1.188,wb-in-f188.1e100.net,3,0.000926,1574956671.185311,1574956671.1951954,tcp
216.58.213.138,par21s03-in-f138.1e100.net,2,0.0016380000000000001,1574956671.2621107,1574956671.2621439,tcp
216.58.213.138,par21s03-in-f138.1e100.net,2,0.00283,1574956671.2638936,1574956671.263966,tcp
216.58.213.138,par21s03-in-f138.1e100.net,9,0.014147999999999997,1574956671.2651076,1574956671.2709615,tcp
66.102.1.188,wb-in-f188.1e100.net,7,0.0017019999999999997,1574956671.2178407,1574956671.2648199,tcp
216.58.213.138,par21s03-in-f138.1e100.net,2,0.00013199999999999998,1574956671.299102,1574956671.2991245,tcp
216.58.213.138,par21s03-in-f138.1e100.net,4,0.00026399999999999997,1574956671.3011894,1574956671.3014143,tcp
216.58.213.138,par21s03-in-f138.1e100.net,11,0.0029120000000000005,1574956667.426297,1574956668.0494053,tcp
216.58.213.138,par21s03-in-f138.1e100.net,3,0.0009099999999999999,1574956673.1130896,1574956673.1178894,tcp
216.58.213.138,par21s03-in-f138.1e100.net,3,0.0008489999999999999,1574956673.1719506,1574956673.1729002,tcp
172.217.18.206,ham02s14-in-f206.1e100.net,2,0.000148,1574956673.36891,1574956673.3736205,tcp
172.217.18.206,ham02s14-in-f206.1e100.net,4,0.004147,1574956673.3958945,1574956673.4057221,tcp
172.217.18.206,ham02s14-in-f206.1e100.net,2,0.00013199999999999998,1574956673.4221137,1574956673.423047,tcp
216.58.213.138,par21s03-in-f138.1e100.net,2,0.000148,1574956673.4321468,1574956673.436647,tcp
172.217.18.206,ham02s14-in-f206.1e100.net,2,0.00048499999999999997,1574956673.4537668,1574956673.4538927,tcp
216.58.213.138,par21s03-in-f138.1e100.net,3,0.004215999999999999,1574956673.4535239,1574956673.4629052,tcp
172.217.18.206,ham02s14-in-f206.1e100.net,2,0.001161,1574956673.5179396,1574956673.5181243,tcp
216.58.213.138,par21s03-in-f138.1e100.net,3,0.000198,1574956673.5179696,1574956673.5179877,tcp
216.58.213.138,par21s03-in-f138.1e100.net,5,0.002163,1574956673.5313528,1574956673.537812,tcp
216.58.213.138,par21s03-in-f138.1e100.net,2,0.00013199999999999998,1574956673.5556085,1574956673.5606153,tcp
216.58.213.138,par21s03-in-f138.1e100.net,2,0.000148,1574956674.030656,1574956674.0352252,tcp
216.58.213.138,par21s03-in-f138.1e100.net,2,0.000148,1574956674.039186,1574956674.0437284,tcp
216.58.213.138,par21s03-in-f138.1e100.net,3,0.004211,1574956674.0511665,1574956674.060907,tcp
216.58.213.138,par21s03-in-f138.1e100.net,2,0.00013199999999999998,1574956674.0769594,1574956674.0769687,tcp
216.58.213.138,par21s03-in-f138.1e100.net,3,0.004209,1574956674.05961,1574956674.0690808,tcp
172.217.18.206,ham02s14-in-f206.1e100.net,2,0.00016999999999999999,1574956673.5394988,1574956673.5480185,tcp
216.58.213.138,par21s03-in-f138.1e100.net,2,0.00283,1574956674.0882776,1574956674.0884004,tcp
216.58.213.138,par21s03-in-f138.1e100.net,2,0.00013199999999999998,1574956674.085513,1574956674.0881457,tcp
172.217.18.206,ham02s14-in-f206.1e100.net,2,0.001734,1574956674.0896137,1574956674.0896475,tcp
172.217.18.206,ham02s14-in-f206.1e100.net,2,0.002456,1574956674.1145878,1574956674.1148946,tcp
172.217.18.206,ham02s14-in-f206.1e100.net,5,0.00935,1574956674.116065,1574956674.1192098,tcp
172.217.18.206,ham02s14-in-f206.1e100.net,7,0.010645,1574956674.1218047,1574956674.1261709,tcp
172.217.18.206,ham02s14-in-f206.1e100.net,2,0.00013199999999999998,1574956674.133236,1574956674.1332607,tcp
172.217.18.206,ham02s14-in-f206.1e100.net,8,0.012998,1574956674.1364055,1574956674.141711,tcp
172.217.18.206,ham02s14-in-f206.1e100.net,3,0.005594,1574956674.144062,1574956674.1451383,tcp
172.217.18.206,ham02s14-in-f206.1e100.net,20,0.018732,1574956674.1478295,1574956674.1579244,tcp
172.217.18.206,ham02s14-in-f206.1e100.net,4,0.00026399999999999997,1574956674.165036,1574956674.1652055,tcp
172.217.18.206,ham02s14-in-f206.1e100.net,4,0.00026399999999999997,1574956674.1770663,1574956674.1772869,tcp
172.217.18.206,ham02s14-in-f206.1e100.net,2,0.00013199999999999998,1574956674.178587,1574956674.178632,tcp
172.217.18.206,ham02s14-in-f206.1e100.net,11,0.014745000000000001,1574956674.2173078,1574956674.2219107,tcp
172.217.18.206,ham02s14-in-f206.1e100.net,2,0.00283,1574956674.2236845,1574956674.2237267,tcp
172.217.18.206,ham02s14-in-f206.1e100.net,3,0.0042450000000000005,1574956674.225127,1574956674.225284,tcp
172.217.18.206,ham02s14-in-f206.1e100.net,3,0.0042450000000000005,1574956674.2267118,1574956674.2269583,tcp
172.217.18.206,ham02s14-in-f206.1e100.net,3,0.0042450000000000005,1574956674.2277298,1574956674.2279,tcp
172.217.18.206,ham02s14-in-f206.1e100.net,2,0.0040479999999999995,1574956674.2302616,1574956674.230461,tcp
172.217.18.206,ham02s14-in-f206.1e100.net,3,0.0042450000000000005,1574956674.2332666,1574956674.2334807,tcp
172.217.18.206,ham02s14-in-f206.1e100.net,3,0.0042450000000000005,1574956674.2348447,1574956674.2350423,tcp
172.217.18.206,ham02s14-in-f206.1e100.net,2,0.00045899999999999994,1574956674.235573,1574956674.2355976,tcp
172.217.18.206,ham02s14-in-f206.1e100.net,2,0.00283,1574956674.2360163,1574956674.2361355,tcp
172.217.18.206,ham02s14-in-f206.1e100.net,2,0.004179,1574956674.2388463,1574956674.2389708,tcp
172.217.18.206,ham02s14-in-f206.1e100.net,3,0.001856,1574956674.2394443,1574956674.2396276,tcp
172.217.18.206,ham02s14-in-f206.1e100.net,11,0.010317,1574956674.239981,1574956674.243203,tcp
172.217.18.206,ham02s14-in-f206.1e100.net,2,0.0017980000000000001,1574956674.244393,1574956674.244418,tcp
172.217.18.206,ham02s14-in-f206.1e100.net,11,0.007013,1574956674.2455387,1574956674.2465975,tcp
172.217.18.206,ham02s14-in-f206.1e100.net,2,0.00013199999999999998,1574956674.2483175,1574956674.248349,tcp
172.217.18.206,ham02s14-in-f206.1e100.net,2,0.003941,1574956674.2488208,1574956674.2493963,tcp
172.217.18.206,ham02s14-in-f206.1e100.net,9,0.006426,1574956674.250718,1574956674.2518318,tcp
172.217.18.206,ham02s14-in-f206.1e100.net,2,0.003111,1574956674.2553875,1574956674.2554998,tcp
172.217.18.206,ham02s14-in-f206.1e100.net,3,0.000198,1574956674.2569003,1574956674.2569747,tcp
172.217.18.206,ham02s14-in-f206.1e100.net,2,0.00013199999999999998,1574956674.264325,1574956674.2643967,tcp
172.217.18.206,ham02s14-in-f206.1e100.net,8,0.0005279999999999999,1574956674.2649775,1574956674.26612,tcp
172.217.18.206,ham02s14-in-f206.1e100.net,4,0.005709,1574956674.2668338,1574956674.2681835,tcp
172.217.18.206,ham02s14-in-f206.1e100.net,4,0.0028710000000000003,1574956674.269474,1574956674.269692,tcp
172.217.18.206,ham02s14-in-f206.1e100.net,8,0.0063999999999999994,1574956674.2699106,1574956674.2724943,tcp
172.217.18.206,ham02s14-in-f206.1e100.net,2,0.002454,1574956674.284264,1574956674.2842784,tcp
172.217.18.206,ham02s14-in-f206.1e100.net,2,0.001732,1574956674.2845263,1574956674.2845876,tcp
172.217.18.206,ham02s14-in-f206.1e100.net,2,0.002058,1574956674.286507,1574956674.2865489,tcp
172.217.18.206,ham02s14-in-f206.1e100.net,6,0.0067399999999999995,1574956674.2884598,1574956674.289128,tcp
172.217.18.206,ham02s14-in-f206.1e100.net,2,0.00013199999999999998,1574956674.2895093,1574956674.289589,tcp
172.217.18.195,par10s38-in-f3.1e100.net,2,0.000148,1574956674.2748969,1574956674.279921,tcp
172.217.18.206,ham02s14-in-f206.1e100.net,4,0.0010550000000000002,1574956674.2902067,1574956674.2913194,tcp
172.217.18.206,ham02s14-in-f206.1e100.net,8,0.006361,1574956674.3009977,1574956674.3038485,tcp
172.217.18.206,ham02s14-in-f206.1e100.net,2,0.002202,1574956674.3051727,1574956674.305277,tcp
172.217.18.206,ham02s14-in-f206.1e100.net,3,0.0042450000000000005,1574956674.3069515,1574956674.307082,tcp
172.217.18.206,ham02s14-in-f206.1e100.net,3,0.0024259999999999998,1574956674.3074338,1574956674.3075054,tcp
172.217.18.206,ham02s14-in-f206.1e100.net,2,0.003671,1574956674.320955,1574956674.321008,tcp
172.217.18.195,par10s38-in-f3.1e100.net,3,0.004079999999999999,1574956674.2958314,1574956674.3055296,tcp
172.217.18.206,ham02s14-in-f206.1e100.net,9,0.009548000000000001,1574956674.3215508,1574956674.3252072,tcp
172.217.18.206,ham02s14-in-f206.1e100.net,2,0.0030429999999999997,1574956674.3271704,1574956674.3272989,tcp
172.217.18.206,ham02s14-in-f206.1e100.net,2,0.00042799999999999994,1574956674.328665,1574956674.3298488,tcp
172.217.18.206,ham02s14-in-f206.1e100.net,2,0.000386,1574956674.3349864,1574956674.3350396,tcp
172.217.18.195,par10s38-in-f3.1e100.net,2,0.00013199999999999998,1574956674.3242252,1574956674.3276184,tcp
172.217.18.206,ham02s14-in-f206.1e100.net,4,0.00026399999999999997,1574956674.3424482,1574956674.345155,tcp
172.217.18.206,ham02s14-in-f206.1e100.net,2,0.00013199999999999998,1574956674.3498893,1574956674.3499222,tcp
172.217.18.195,par10s38-in-f3.1e100.net,2,0.00048499999999999997,1574956674.3503985,1574956674.3504179,tcp
216.58.213.138,par21s03-in-f138.1e100.net,3,0.00024399999999999997,1574956674.0928195,1574956674.1150463,tcp
216.58.213.138,par21s03-in-f138.1e100.net,2,0.0024479999999999997,1574956674.3793356,1574956674.3794339,tcp
172.217.18.195,par10s38-in-f3.1e100.net,4,0.000831,1574956674.3716385,1574956674.3769722,tcp
172.217.18.195,par10s38-in-f3.1e100.net,2,0.00013199999999999998,1574956674.3945682,1574956674.3961587,tcp
216.58.213.138,par21s03-in-f138.1e100.net,3,0.0017640000000000002,1574956674.098685,1574956674.12351,tcp
216.58.213.138,par21s03-in-f138.1e100.net,3,0.00166,1574956675.1256983,1574956675.125717,tcp
216.58.213.138,par21s03-in-f138.1e100.net,2,0.000148,1574956676.846851,1574956676.851399,tcp
216.58.213.138,par21s03-in-f138.1e100.net,3,0.004223,1574956676.8748715,1574956676.8843527,tcp
216.58.213.138,par21s03-in-f138.1e100.net,2,0.00013199999999999998,1574956676.9093862,1574956676.9103873,tcp
172.217.18.206,ham02s14-in-f206.1e100.net,2,0.000178,1574956674.3526182,1574956674.3572772,tcp
216.58.213.138,par21s03-in-f138.1e100.net,5,0.001568,1574956676.931929,1574956676.980611,tcp
216.58.213.138,par21s03-in-f138.1e100.net,2,0.000352,1574956677.2154083,1574956677.2154675,tcp
216.58.204.129,par21s05-in-f1.1e100.net,2,0.000148,1574956680.0708017,1574956680.075106,tcp
216.58.204.129,par21s05-in-f1.1e100.net,3,0.005052,1574956680.0929883,1574956680.1020756,tcp
216.58.204.129,par21s05-in-f1.1e100.net,3,0.000198,1574956680.1202433,1574956680.1203701,tcp
216.58.204.129,par21s05-in-f1.1e100.net,3,0.001464,1574956680.1369653,1574956680.1619706,tcp
216.58.204.129,par21s05-in-f1.1e100.net,2,0.005528,1574956680.413932,1574956680.4139726,tcp
216.58.204.129,par21s05-in-f1.1e100.net,9,0.012734999999999998,1574956680.4151905,1574956680.4212961,tcp
216.58.204.129,par21s05-in-f1.1e100.net,9,0.0032920000000000007,1574956680.4952326,1574956680.5025973,tcp
216.58.204.129,par21s05-in-f1.1e100.net,2,0.004179,1574956680.5065207,1574956680.5071697,tcp
216.58.204.129,par21s05-in-f1.1e100.net,2,0.00283,1574956680.5100844,1574956680.510146,tcp
216.58.204.129,par21s05-in-f1.1e100.net,19,0.025535999999999996,1574956680.5116143,1574956680.5249279,tcp
216.58.204.129,par21s05-in-f1.1e100.net,2,0.00013199999999999998,1574956680.5289016,1574956680.528949,tcp
216.58.204.129,par21s05-in-f1.1e100.net,4,0.00566,1574956680.5297072,1574956680.5311928,tcp
216.58.204.129,par21s05-in-f1.1e100.net,2,0.00283,1574956680.5333354,1574956680.533378,tcp
216.58.204.129,par21s05-in-f1.1e100.net,5,0.005726,1574956680.5355704,1574956680.5370984,tcp
216.58.204.129,par21s05-in-f1.1e100.net,3,0.002896,1574956680.5385096,1574956680.538622,tcp
216.58.204.129,par21s05-in-f1.1e100.net,36,0.06443,1574956680.539634,1574956680.5573916,tcp
216.58.204.129,par21s05-in-f1.1e100.net,5,0.012471,1574956680.5606718,1574956680.5652168,tcp
216.58.204.129,par21s05-in-f1.1e100.net,5,0.004377,1574956680.5757263,1574956680.5759163,tcp
216.58.204.129,par21s05-in-f1.1e100.net,2,0.003,1574956680.5802171,1574956680.5804791,tcp
216.58.204.129,par21s05-in-f1.1e100.net,2,0.00013199999999999998,1574956680.586471,1574956680.586528,tcp
216.58.204.129,par21s05-in-f1.1e100.net,2,0.00013199999999999998,1574956680.586664,1574956680.5867543,tcp
216.58.213.138,par21s03-in-f138.1e100.net,9,0.002174,1574956673.5808403,1574956673.8930848,tcp
216.58.213.138,par21s03-in-f138.1e100.net,4,0.00026399999999999997,1574956680.6301105,1574956680.634534,tcp
216.58.204.129,par21s05-in-f1.1e100.net,19,0.0012540000000000001,1574956680.5878577,1574956680.6241071,tcp
216.58.204.129,par21s05-in-f1.1e100.net,2,0.000148,1574956681.2297628,1574956681.2344263,tcp
216.58.204.129,par21s05-in-f1.1e100.net,3,0.005052,1574956681.2532299,1574956681.2630708,tcp
216.58.204.129,par21s05-in-f1.1e100.net,3,0.000198,1574956681.2794106,1574956681.2794282,tcp
216.58.204.129,par21s05-in-f1.1e100.net,3,0.001464,1574956681.2947688,1574956681.321955,tcp
216.58.204.129,par21s05-in-f1.1e100.net,2,0.005528,1574956681.5999362,1574956681.5999515,tcp
216.58.204.129,par21s05-in-f1.1e100.net,7,0.012603,1574956681.6013212,1574956681.607166,tcp
216.58.204.129,par21s05-in-f1.1e100.net,2,0.00013199999999999998,1574956681.7256272,1574956681.7256641,tcp
216.58.204.129,par21s05-in-f1.1e100.net,4,0.00026399999999999997,1574956681.7286193,1574956681.7286568,tcp
216.58.204.129,par21s05-in-f1.1e100.net,3,0.005594,1574956681.7303734,1574956681.7310903,tcp
216.58.204.129,par21s05-in-f1.1e100.net,2,0.00283,1574956681.733964,1574956681.734014,tcp
216.58.204.129,par21s05-in-f1.1e100.net,2,0.00283,1574956681.7368882,1574956681.7369356,tcp
216.58.204.129,par21s05-in-f1.1e100.net,2,0.00283,1574956681.7398646,1574956681.7399597,tcp
216.58.204.129,par21s05-in-f1.1e100.net,2,0.00283,1574956681.742772,1574956681.74286,tcp
216.58.204.129,par21s05-in-f1.1e100.net,2,0.001104,1574956681.7457168,1574956681.746714,tcp
216.58.204.129,par21s05-in-f1.1e100.net,4,0.00026399999999999997,1574956681.7493412,1574956681.7519116,tcp
216.58.204.129,par21s05-in-f1.1e100.net,2,0.00013199999999999998,1574956681.7567916,1574956681.7568445,tcp
172.217.18.206,ham02s14-in-f206.1e100.net,13,0.0035530000000000006,1574956677.066694,1574956677.339474,tcp
216.58.213.138,par21s03-in-f138.1e100.net,2,0.001044,1574956682.1543272,1574956682.1588435,tcp
172.217.18.195,par10s38-in-f3.1e100.net,2,0.000148,1574956682.3595304,1574956682.3639858,tcp
172.217.18.195,par10s38-in-f3.1e100.net,2,0.000148,1574956682.3595757,1574956682.3645182,tcp
172.217.18.195,par10s38-in-f3.1e100.net,4,0.004142,1574956682.3811593,1574956682.39117,tcp
172.217.18.195,par10s38-in-f3.1e100.net,3,0.004076,1574956682.3811734,1574956682.3911936,tcp
172.217.18.195,par10s38-in-f3.1e100.net,2,0.00013199999999999998,1574956682.4079406,1574956682.4079535,tcp
172.217.18.195,par10s38-in-f3.1e100.net,2,0.00013199999999999998,1574956682.4091682,1574956682.4092152,tcp
172.217.18.195,par10s38-in-f3.1e100.net,10,0.020345999999999996,1574956682.4190917,1574956682.448469,tcp
172.217.18.206,ham02s14-in-f206.1e100.net,11,0.0024609999999999996,1574956681.8537126,1574956682.3205707,tcp
172.217.18.195,par10s38-in-f3.1e100.net,5,0.005726,1574956682.4691706,1574956682.4702175,tcp
172.217.18.195,par10s38-in-f3.1e100.net,2,0.00013199999999999998,1574956682.4724617,1574956682.4726,tcp
172.217.18.195,par10s38-in-f3.1e100.net,10,0.020349,1574956682.430337,1574956682.4592898,tcp
172.217.18.195,par10s38-in-f3.1e100.net,2,0.00283,1574956682.4753222,1574956682.4753547,tcp
172.217.18.195,par10s38-in-f3.1e100.net,3,0.000198,1574956682.477016,1574956682.477274,tcp
172.217.18.195,par10s38-in-f3.1e100.net,2,0.00013199999999999998,1574956682.4791148,1574956682.4791532,tcp
172.217.18.195,par10s38-in-f3.1e100.net,3,0.005594,1574956682.4810576,1574956682.4826043,tcp
172.217.18.195,par10s38-in-f3.1e100.net,2,0.005431999999999999,1574956682.485635,1574956682.4871585,tcp
172.217.18.195,par10s38-in-f3.1e100.net,5,0.00032999999999999994,1574956682.503862,1574956682.5041242,tcp
172.217.18.195,par10s38-in-f3.1e100.net,2,0.004179,1574956682.5156276,1574956682.5158665,tcp
172.217.18.195,par10s38-in-f3.1e100.net,2,0.00283,1574956682.5182812,1574956682.5183234,tcp
172.217.18.206,ham02s14-in-f206.1e100.net,2,0.000148,1574956682.5065665,1574956682.5114973,tcp
172.217.18.195,par10s38-in-f3.1e100.net,17,0.025643999999999997,1574956682.5195081,1574956682.5303054,tcp
172.217.18.206,ham02s14-in-f206.1e100.net,4,0.004146,1574956682.528617,1574956682.538638,tcp
172.217.18.195,par10s38-in-f3.1e100.net,30,0.035929999999999976,1574956682.476882,1574956682.5349207,tcp
172.217.18.195,par10s38-in-f3.1e100.net,2,0.000372,1574956682.5348945,1574956682.591523,tcp
172.217.18.195,par10s38-in-f3.1e100.net,5,0.00032999999999999994,1574956682.7457864,1574956682.757894,tcp
172.217.18.195,par10s38-in-f3.1e100.net,7,0.0004619999999999999,1574956682.7390213,1574956682.7578714,tcp
172.217.18.195,par10s38-in-f3.1e100.net,3,0.000198,1574956682.7661693,1574956682.7663677,tcp
172.217.18.195,par10s38-in-f3.1e100.net,3,0.000198,1574956682.7661784,1574956682.7664552,tcp
172.217.18.195,par10s38-in-f3.1e100.net,2,0.004179,1574956682.7733057,1574956682.773566,tcp
172.217.18.195,par10s38-in-f3.1e100.net,5,0.00032999999999999994,1574956682.7676387,1574956682.7679262,tcp
172.217.18.195,par10s38-in-f3.1e100.net,2,0.00013199999999999998,1574956682.7773144,1574956682.7773242,tcp
172.217.18.195,par10s38-in-f3.1e100.net,3,0.000198,1574956682.777545,1574956682.7775624,tcp
172.217.18.206,ham02s14-in-f206.1e100.net,8,0.002173,1574956682.7674603,1574956682.7782469,tcp
172.217.18.195,par10s38-in-f3.1e100.net,14,0.026762999999999995,1574956682.7759576,1574956682.7866368,tcp
172.217.18.195,par10s38-in-f3.1e100.net,2,0.00013199999999999998,1574956682.7904077,1574956682.790492,tcp
172.217.18.195,par10s38-in-f3.1e100.net,3,0.000198,1574956682.7918103,1574956682.7920084,tcp
172.217.18.195,par10s38-in-f3.1e100.net,3,0.000198,1574956682.794286,1574956682.7943037,tcp
172.217.18.195,par10s38-in-f3.1e100.net,2,0.00013199999999999998,1574956682.7972097,1574956682.7973294,tcp
172.217.18.206,ham02s14-in-f206.1e100.net,3,0.000589,1574956682.783108,1574956682.783244,tcp
172.217.18.195,par10s38-in-f3.1e100.net,2,0.00013199999999999998,1574956682.8014293,1574956682.8014436,tcp
172.217.18.195,par10s38-in-f3.1e100.net,23,0.037072999999999995,1574956682.7781227,1574956682.7986093,tcp
172.217.18.195,par10s38-in-f3.1e100.net,3,0.000198,1574956682.8018804,1574956682.8102686,tcp
172.217.18.195,par10s38-in-f3.1e100.net,3,0.000198,1574956682.8017788,1574956682.8089054,tcp
172.217.18.195,par10s38-in-f3.1e100.net,2,0.00013199999999999998,1574956682.823916,1574956682.8239326,tcp
172.217.18.195,par10s38-in-f3.1e100.net,2,0.00013199999999999998,1574956682.8250854,1574956682.8251126,tcp
172.217.18.195,par10s38-in-f3.1e100.net,2,0.00013199999999999998,1574956682.825246,1574956682.825336,tcp
172.217.18.195,par10s38-in-f3.1e100.net,11,0.0007259999999999999,1574956682.8266194,1574956682.8273554,tcp
172.217.18.206,ham02s14-in-f206.1e100.net,2,0.00013199999999999998,1574956682.8017952,1574956682.8109767,tcp
172.217.18.195,par10s38-in-f3.1e100.net,4,0.000778,1574956682.8237562,1574956682.8241422,tcp
172.217.18.195,par10s38-in-f3.1e100.net,2,0.0006479999999999999,1574956682.8285482,1574956682.8304958,tcp
172.217.18.195,par10s38-in-f3.1e100.net,2,0.00283,1574956682.836979,1574956682.8370101,tcp
60.250.164.169,mail.ustv.com.tw,2,0.000148,1574956682.5561893,1574956682.5562735,tcp
172.217.18.195,par10s38-in-f3.1e100.net,21,0.03295699999999999,1574956682.829922,1574956682.842637,tcp
172.217.18.195,par10s38-in-f3.1e100.net,2,0.00013199999999999998,1574956682.8505337,1574956682.8505478,tcp
172.217.18.195,par10s38-in-f3.1e100.net,19,0.03165699999999999,1574956682.8382282,1574956682.851416,tcp
172.217.18.195,par10s38-in-f3.1e100.net,2,0.00013199999999999998,1574956682.8559394,1574956682.8574357,tcp
172.217.18.195,par10s38-in-f3.1e100.net,3,0.000198,1574956682.8642528,1574956682.8645437,tcp
172.217.18.195,par10s38-in-f3.1e100.net,2,0.00013199999999999998,1574956682.8670044,1574956682.8670385,tcp
172.217.18.195,par10s38-in-f3.1e100.net,2,0.00013199999999999998,1574956682.8685336,1574956682.868598,tcp
172.217.18.195,par10s38-in-f3.1e100.net,9,0.001112,1574956682.8512757,1574956682.8669121,tcp
172.217.18.195,par10s38-in-f3.1e100.net,3,0.0042450000000000005,1574956682.878871,1574956682.8791227,tcp
172.217.18.195,par10s38-in-f3.1e100.net,17,0.03274099999999999,1574956682.8737626,1574956682.8863912,tcp
172.217.18.195,par10s38-in-f3.1e100.net,2,0.00013199999999999998,1574956682.8928618,1574956682.8929229,tcp
172.217.18.195,par10s38-in-f3.1e100.net,21,0.03205299999999999,1574956682.880116,1574956682.8910015,tcp
172.217.18.195,par10s38-in-f3.1e100.net,5,0.00032999999999999994,1574956682.8944201,1574956682.9021416,tcp
216.58.213.138,par21s03-in-f138.1e100.net,2,0.00013199999999999998,1574956674.3967922,1574956674.419215,tcp
172.217.18.195,par10s38-in-f3.1e100.net,3,0.000716,1574956682.9082923,1574956682.9120946,tcp
172.217.18.195,par10s38-in-f3.1e100.net,12,0.0007919999999999998,1574956682.8978202,1574956682.9102402,tcp
172.217.18.195,par10s38-in-f3.1e100.net,2,0.00283,1574956682.9177172,1574956682.917736,tcp
172.217.18.195,par10s38-in-f3.1e100.net,2,0.00283,1574956682.9200127,1574956682.9200573,tcp
172.217.18.195,par10s38-in-f3.1e100.net,3,0.0042450000000000005,1574956682.925012,1574956682.925226,tcp
216.58.213.138,par21s03-in-f138.1e100.net,4,0.00026399999999999997,1574956682.9120142,1574956682.9163966,tcp
172.217.18.195,par10s38-in-f3.1e100.net,17,0.024306999999999995,1574956682.921182,1574956682.9314616,tcp
172.217.18.195,par10s38-in-f3.1e100.net,3,0.000198,1574956682.9407797,1574956682.9409943,tcp
172.217.18.195,par10s38-in-f3.1e100.net,17,0.031781,1574956682.9262166,1574956682.936975,tcp
172.217.18.195,par10s38-in-f3.1e100.net,2,0.00013199999999999998,1574956682.943998,1574956682.9440954,tcp
172.217.18.195,par10s38-in-f3.1e100.net,2,0.00013199999999999998,1574956682.9534276,1574956682.9535716,tcp
172.217.18.195,par10s38-in-f3.1e100.net,2,0.00013199999999999998,1574956682.9535563,1574956682.9556198,tcp
172.217.18.195,par10s38-in-f3.1e100.net,3,0.000198,1574956682.9597375,1574956682.960032,tcp
172.217.18.195,par10s38-in-f3.1e100.net,2,0.00013199999999999998,1574956682.9599462,1574956682.9600556,tcp
172.217.18.195,par10s38-in-f3.1e100.net,5,0.00032999999999999994,1574956682.961045,1574956682.9614184,tcp
172.217.18.195,par10s38-in-f3.1e100.net,2,0.004179,1574956682.9669216,1574956682.9671586,tcp
172.217.18.195,par10s38-in-f3.1e100.net,3,0.0042450000000000005,1574956682.9716759,1574956682.9718702,tcp
172.217.18.195,par10s38-in-f3.1e100.net,2,0.00283,1574956682.973331,1574956682.9733734,tcp
172.217.18.195,par10s38-in-f3.1e100.net,2,0.00283,1574956682.975279,1574956682.975354,tcp
172.217.18.195,par10s38-in-f3.1e100.net,2,0.00283,1574956682.9772494,1574956682.9772863,tcp
172.217.18.195,par10s38-in-f3.1e100.net,2,0.00283,1574956682.979189,1574956682.9792447,tcp
172.217.18.195,par10s38-in-f3.1e100.net,16,0.028307999999999996,1574956682.9694731,1574956682.980804,tcp
172.217.18.195,par10s38-in-f3.1e100.net,5,0.009193,1574956682.9813254,1574956682.9840558,tcp
172.217.18.195,par10s38-in-f3.1e100.net,4,0.00026399999999999997,1574956682.983934,1574956682.9883678,tcp
172.217.18.195,par10s38-in-f3.1e100.net,2,0.00013199999999999998,1574956682.993076,1574956682.993108,tcp
172.217.18.195,par10s38-in-f3.1e100.net,4,0.00026399999999999997,1574956682.9929287,1574956682.9933724,tcp
172.217.18.195,par10s38-in-f3.1e100.net,2,0.00013199999999999998,1574956682.9967601,1574956682.9992876,tcp
172.217.18.195,par10s38-in-f3.1e100.net,3,0.000198,1574956683.0068102,1574956683.0068753,tcp
172.217.18.195,par10s38-in-f3.1e100.net,25,0.036634,1574956682.9966424,1574956683.026618,tcp
172.217.18.195,par10s38-in-f3.1e100.net,21,0.037988999999999995,1574956683.0081127,1574956683.0267391,tcp
172.217.18.195,par10s38-in-f3.1e100.net,2,0.00013199999999999998,1574956683.0333757,1574956683.03346,tcp
172.217.18.195,par10s38-in-f3.1e100.net,2,0.00013199999999999998,1574956683.035758,1574956683.0357907,tcp
172.217.18.195,par10s38-in-f3.1e100.net,2,0.00013199999999999998,1574956683.0378008,1574956683.038095,tcp
172.217.18.195,par10s38-in-f3.1e100.net,2,0.00013199999999999998,1574956683.0379574,1574956683.0381496,tcp
172.217.18.195,par10s38-in-f3.1e100.net,4,0.00026399999999999997,1574956683.0411909,1574956683.0415785,tcp
172.217.18.195,par10s38-in-f3.1e100.net,6,0.0003959999999999999,1574956683.0399578,1574956683.0426042,tcp
172.217.18.195,par10s38-in-f3.1e100.net,2,0.004179,1574956683.0508327,1574956683.0510077,tcp
172.217.18.195,par10s38-in-f3.1e100.net,2,0.00283,1574956683.0528665,1574956683.0529096,tcp
172.217.18.195,par10s38-in-f3.1e100.net,2,0.00283,1574956683.054709,1574956683.0547566,tcp
172.217.18.195,par10s38-in-f3.1e100.net,2,0.00283,1574956683.0565505,1574956683.0566132,tcp
172.217.18.195,par10s38-in-f3.1e100.net,2,0.00283,1574956683.0583992,1574956683.0584674,tcp
172.217.18.195,par10s38-in-f3.1e100.net,2,0.00283,1574956683.0602448,1574956683.060328,tcp
172.217.18.195,par10s38-in-f3.1e100.net,29,0.038356999999999995,1574956683.0426779,1574956683.0683908,tcp
172.217.18.195,par10s38-in-f3.1e100.net,10,0.0009359999999999998,1574956683.0620859,1574956683.0774932,tcp
172.217.18.195,par10s38-in-f3.1e100.net,3,0.000198,1574956683.0807295,1574956683.0827272,tcp
172.217.18.195,par10s38-in-f3.1e100.net,2,0.00013199999999999998,1574956683.088836,1574956683.0888789,tcp
172.217.18.195,par10s38-in-f3.1e100.net,7,0.0050999999999999995,1574956683.0826514,1574956683.0963333,tcp
172.217.18.195,par10s38-in-f3.1e100.net,5,0.00032999999999999994,1574956683.0900846,1574956683.0904584,tcp
172.217.18.206,ham02s14-in-f206.1e100.net,11,0.0034539999999999996,1574956682.8334606,1574956683.0300531,tcp
172.217.18.206,ham02s14-in-f206.1e100.net,3,0.00022399999999999997,1574956683.22962,1574956683.2345824,tcp
60.250.164.169,mail.ustv.com.tw,5,0.0014719999999999998,1574956682.852913,1574956683.1376278,tcp
172.217.18.206,ham02s14-in-f206.1e100.net,2,0.00019,1574956683.2794263,1574956683.301088,tcp
172.217.18.206,ham02s14-in-f206.1e100.net,4,0.000687,1574956683.4927585,1574956683.4986765,tcp
172.217.18.206,ham02s14-in-f206.1e100.net,2,0.000178,1574956683.568469,1574956683.5684946,tcp
60.250.164.169,mail.ustv.com.tw,4,0.000592,1574956683.463067,1574956683.7543824,tcp
60.250.164.169,mail.ustv.com.tw,4,0.00036799999999999995,1574956684.0830698,1574956684.3668292,tcp
47.88.232.28,,2,0.000148,1574956686.1102004,1574956687.115995,tcp
47.88.232.28,,3,0.00035899999999999994,1574956689.430705,1574956689.5151582,tcp
47.88.232.28,,5,0.003574999999999999,1574956689.838863,1574956689.9544353,tcp
47.88.232.28,,4,0.0008749999999999999,1574956690.4353085,1574956690.8402674,tcp
47.88.232.28,,2,0.000401,1574956696.4004648,1574956696.4005659,tcp
157.240.21.53,whatsapp-chatd-edge-shv-01-cdt1.facebook.com,2,0.00013499999999999997,1574956698.1114821,1574956698.1161907,tcp
172.217.18.206,ham02s14-in-f206.1e100.net,2,0.000148,1574956704.7639391,1574956704.7686858,tcp
172.217.18.206,ham02s14-in-f206.1e100.net,4,0.004147,1574956704.7897425,1574956704.7994678,tcp
172.217.18.206,ham02s14-in-f206.1e100.net,2,0.00013199999999999998,1574956704.8195124,1574956704.8195403,tcp
172.217.18.206,ham02s14-in-f206.1e100.net,2,0.00048499999999999997,1574956704.850693,1574956704.8507195,tcp
172.217.18.206,ham02s14-in-f206.1e100.net,6,0.0006429999999999999,1574956704.8555841,1574956704.9001245,tcp
172.217.18.206,ham02s14-in-f206.1e100.net,4,0.000837,1574956705.1607282,1574956705.1667838,tcp
156.236.126.154,,2,0.000148,1574956709.704014,1574956709.7041059,tcp
156.236.126.154,,2,0.00017299999999999998,1574956709.9822462,1574956710.1963487,tcp
156.236.126.154,,2,0.001212,1574956710.7645373,1574956710.7669637,tcp
47.88.232.28,,2,0.000139,1574956711.4003341,1574956711.400432,tcp
156.236.126.154,,3,0.0007859999999999999,1574956711.7012753,1574956711.8071897,tcp
156.236.126.154,,2,0.00033999999999999997,1574956712.0646586,1574956712.0757067,tcp
156.236.126.154,,2,0.000148,1574956713.6052113,1574956713.6471093,tcp
156.236.126.154,,2,0.000196,1574956721.9939902,1574956721.994193,tcp
156.236.126.154,,2,0.00022799999999999996,1574956722.864405,1574956722.9070992,tcp
156.236.126.154,,3,0.00034199999999999996,1574956725.2791271,1574956725.4666119,tcp
216.58.201.234,par10s33-in-f10.1e100.net,3,0.000198,1574956729.8218832,1574956730.2739239,tcp
172.217.18.195,par10s38-in-f3.1e100.net,2,0.000148,1574956735.334377,1574956735.3393176,tcp
172.217.18.195,par10s38-in-f3.1e100.net,3,0.004079999999999999,1574956735.3703332,1574956735.3802412,tcp
172.217.18.195,par10s38-in-f3.1e100.net,2,0.00013199999999999998,1574956735.401372,1574956735.4013972,tcp
172.217.18.195,par10s38-in-f3.1e100.net,2,0.00048499999999999997,1574956735.4450405,1574956735.4450653,tcp
172.217.18.195,par10s38-in-f3.1e100.net,4,0.000831,1574956735.4700823,1574956735.475404,tcp
172.217.18.195,par10s38-in-f3.1e100.net,2,0.00013199999999999998,1574956735.4993308,1574956735.5002391,tcp
216.58.204.129,par21s05-in-f1.1e100.net,5,0.00036099999999999994,1574956735.5003138,1574956735.5076096,tcp
172.217.18.206,ham02s14-in-f206.1e100.net,2,0.00019,1574956713.1206508,1574956713.2072554,tcp
172.217.18.206,ham02s14-in-f206.1e100.net,2,0.000216,1574956742.3446293,1574956742.3446944,tcp
172.217.18.206,ham02s14-in-f206.1e100.net,6,0.00043899999999999994,1574956742.5562353,1574956742.5618997,tcp
172.217.18.206,ham02s14-in-f206.1e100.net,3,0.000256,1574956705.2786126,1574956705.2902582,tcp
172.217.18.206,ham02s14-in-f206.1e100.net,2,0.000148,1574956746.125675,1574956746.1304214,tcp
172.217.18.206,ham02s14-in-f206.1e100.net,3,0.004079999999999999,1574956746.147817,1574956746.1574252,tcp
172.217.18.206,ham02s14-in-f206.1e100.net,2,0.00013199999999999998,1574956746.1746733,1574956746.1757307,tcp
172.217.18.206,ham02s14-in-f206.1e100.net,2,0.00048499999999999997,1574956746.2058444,1574956746.20588,tcp
172.217.18.206,ham02s14-in-f206.1e100.net,4,0.0004739999999999999,1574956746.2109244,1574956746.233054,tcp
172.217.18.206,ham02s14-in-f206.1e100.net,7,0.0017519999999999997,1574956746.2547193,1574956746.5330784,tcp
172.217.18.206,ham02s14-in-f206.1e100.net,2,0.000178,1574956746.6600728,1574956746.6648958,tcp
172.217.18.206,ham02s14-in-f206.1e100.net,3,0.00023199999999999995,1574956754.6654894,1574956754.6704237,tcp
172.217.18.206,ham02s14-in-f206.1e100.net,4,0.0009159999999999998,1574956754.9502215,1574956754.9546907,tcp
183.60.141.171,,2,0.000108,1574956755.1436105,1574956755.143692,tcp
167.99.173.171,mike.cm,2,0.000148,1574956760.6346195,1574956760.6347299,tcp
167.99.173.171,mike.cm,5,0.0014719999999999998,1574956760.7898622,1574956760.9322023,tcp
167.99.173.171,mike.cm,4,0.000592,1574956761.1550992,1574956761.3117015,tcp
167.99.173.171,mike.cm,2,0.000148,1574956762.058165,1574956762.0991135,tcp
167.99.173.171,mike.cm,2,0.00018399999999999997,1574956762.2399228,1574956762.2401474,tcp
167.99.173.171,mike.cm,2,0.000216,1574956762.3809392,1574956762.4231544,tcp
167.99.173.171,mike.cm,3,0.00024999999999999995,1574956764.4571216,1574956764.4572473,tcp
172.217.18.206,ham02s14-in-f206.1e100.net,4,0.00041699999999999994,1574956742.588418,1574956742.86725,tcp
172.217.18.206,ham02s14-in-f206.1e100.net,2,0.00025,1574956768.77032,1574956769.008357,tcp
172.217.18.206,ham02s14-in-f206.1e100.net,4,0.00032199999999999997,1574956755.0504107,1574956755.060288,tcp
172.217.18.206,ham02s14-in-f206.1e100.net,3,0.00023099999999999998,1574956772.1406498,1574956772.1454256,tcp
172.217.18.206,ham02s14-in-f206.1e100.net,4,0.000911,1574956772.4343584,1574956772.4375193,tcp
172.217.18.206,ham02s14-in-f206.1e100.net,6,0.00044199999999999996,1574956772.5589693,1574956772.5613937,tcp
188.128.39.127,,2,0.000148,1574956774.4705749,1574956774.4707022,tcp
188.128.39.127,,5,0.0014719999999999998,1574956774.656357,1574956774.7138987,tcp
188.128.39.127,,4,0.000592,1574956774.811069,1574956774.8712783,tcp
188.128.39.127,,4,0.00036799999999999995,1574956774.9751475,1574956775.0303564,tcp
185.209.0.89,,2,0.000108,1574956779.0858827,1574956779.0859995,tcp
172.217.18.206,ham02s14-in-f206.1e100.net,3,0.000234,1574956770.0986176,1574956770.0986743,tcp
172.217.18.206,ham02s14-in-f206.1e100.net,2,0.000216,1574956792.6639874,1574956792.6640491,tcp
172.217.18.206,ham02s14-in-f206.1e100.net,2,0.00013199999999999998,1574956792.729346,1574956792.7293627,tcp
172.217.18.206,ham02s14-in-f206.1e100.net,3,0.000198,1574956792.7374675,1574956792.7422538,tcp
172.217.18.206,ham02s14-in-f206.1e100.net,32,0.0062790000000000025,1574956772.5661123,1574956777.9993,tcp
172.217.18.206,ham02s14-in-f206.1e100.net,2,0.000148,1574956800.4849422,1574956800.489741,tcp
172.217.18.206,ham02s14-in-f206.1e100.net,3,0.0040809999999999996,1574956800.514484,1574956800.524306,tcp
172.217.18.206,ham02s14-in-f206.1e100.net,2,0.00013199999999999998,1574956800.5447435,1574956800.544763,tcp
172.217.18.206,ham02s14-in-f206.1e100.net,2,0.00048499999999999997,1574956800.5592694,1574956800.5593166,tcp
172.217.18.206,ham02s14-in-f206.1e100.net,4,0.00047499999999999994,1574956800.5648212,1574956800.5853357,tcp
172.217.18.206,ham02s14-in-f206.1e100.net,10,0.0018859999999999997,1574956800.60747,1574956800.944109,tcp
172.217.18.206,ham02s14-in-f206.1e100.net,3,0.001559,1574956812.2399185,1574956812.282373,tcp
172.217.18.206,ham02s14-in-f206.1e100.net,4,0.0009429999999999999,1574956812.553494,1574956812.5584166,tcp
172.217.18.206,ham02s14-in-f206.1e100.net,3,0.000256,1574956812.7331514,1574956812.7332597,tcp
172.217.18.206,ham02s14-in-f206.1e100.net,6,0.0006219999999999999,1574956792.7664003,1574956793.1435277,tcp
172.217.18.206,ham02s14-in-f206.1e100.net,2,0.001515,1574956824.0068,1574956824.0068839,tcp
196.192.110.64,,2,0.000148,1574956825.1447287,1574956825.1448708,tcp
196.192.110.64,,5,0.0014719999999999998,1574956825.378072,1574956825.6065764,tcp
196.192.110.64,,4,0.000592,1574956825.8711023,1574956826.11281,tcp
196.192.110.64,,4,0.00036799999999999995,1574956826.3791387,1574956826.6031466,tcp
172.217.18.206,ham02s14-in-f206.1e100.net,9,0.001218,1574956824.0116622,1574956824.3794124,tcp
172.217.18.206,ham02s14-in-f206.1e100.net,3,0.00023299999999999997,1574956833.5579412,1574956833.5626836,tcp
172.217.18.206,ham02s14-in-f206.1e100.net,4,0.000714,1574956833.74913,1574956833.7541847,tcp
172.217.18.206,ham02s14-in-f206.1e100.net,2,0.000178,1574956833.772419,1574956833.774072,tcp
172.217.18.206,ham02s14-in-f206.1e100.net,2,0.001516,1574956834.6231616,1574956834.6232052,tcp
172.217.18.206,ham02s14-in-f206.1e100.net,9,0.0013109999999999999,1574956834.628005,1574956834.969756,tcp
172.217.18.206,ham02s14-in-f206.1e100.net,3,0.00023299999999999997,1574956838.648979,1574956838.653854,tcp
172.217.18.206,ham02s14-in-f206.1e100.net,4,0.000759,1574956838.9192348,1574956838.9239168,tcp
172.217.18.206,ham02s14-in-f206.1e100.net,2,0.000178,1574956839.0626037,1574956839.0626717,tcp
172.217.18.206,ham02s14-in-f206.1e100.net,17,0.003373000000000001,1574956839.0701315,1574956840.39669,tcp
172.217.18.206,ham02s14-in-f206.1e100.net,3,0.000234,1574956842.4955328,1574956842.500288,tcp
172.217.18.206,ham02s14-in-f206.1e100.net,4,0.0007369999999999999,1574956842.7676842,1574956842.7927637,tcp
172.217.18.206,ham02s14-in-f206.1e100.net,2,0.000178,1574956842.8449805,1574956842.8478172,tcp
172.217.18.206,ham02s14-in-f206.1e100.net,2,0.0015170000000000001,1574956843.9799297,1574956843.9799721,tcp
172.217.18.206,ham02s14-in-f206.1e100.net,9,0.0014449999999999999,1574956843.9847195,1574956844.3838246,tcp
157.240.21.53,whatsapp-chatd-edge-shv-01-cdt1.facebook.com,3,0.00023699999999999996,1574956698.1376815,1574956698.266925,tcp
157.240.21.53,whatsapp-chatd-edge-shv-01-cdt1.facebook.com,3,0.000247,1574956848.3588185,1574956848.3796597,tcp
157.240.21.32,edge-mqtt-mini-shv-01-cdt1.facebook.com,2,0.001957,1574956871.1502302,1574956871.1505835,tcp
140.143.6.248,,2,0.000108,1574956871.0442789,1574956871.044385,tcp
157.240.21.32,edge-mqtt-mini-shv-01-cdt1.facebook.com,2,0.001035,1574956871.2089705,1574956871.2115052,tcp
157.240.21.32,edge-mqtt-mini-shv-01-cdt1.facebook.com,2,0.000165,1574956871.2850344,1574956871.2898505,tcp
172.217.18.206,ham02s14-in-f206.1e100.net,4,0.00041799999999999997,1574956847.3783925,1574956847.6512754,tcp
172.217.18.206,ham02s14-in-f206.1e100.net,2,0.000174,1574956873.6010559,1574956873.6058385,tcp
172.217.18.206,ham02s14-in-f206.1e100.net,2,0.000163,1574956873.6382608,1574956873.6382885,tcp
172.217.18.206,ham02s14-in-f206.1e100.net,2,0.000148,1574956873.6599061,1574956873.664454,tcp
172.217.18.206,ham02s14-in-f206.1e100.net,3,0.0040809999999999996,1574956873.6858068,1574956873.6952376,tcp
172.217.18.206,ham02s14-in-f206.1e100.net,2,0.00013199999999999998,1574956873.7131474,1574956873.7131763,tcp
172.217.18.206,ham02s14-in-f206.1e100.net,2,0.00048499999999999997,1574956873.7998002,1574956873.7998447,tcp
172.217.18.206,ham02s14-in-f206.1e100.net,8,0.002037,1574956873.8164265,1574956873.881452,tcp
172.217.18.206,ham02s14-in-f206.1e100.net,2,0.000216,1574956874.1181052,1574956874.1181495,tcp
172.217.18.206,ham02s14-in-f206.1e100.net,2,0.00013199999999999998,1574956874.1374702,1574956874.137494,tcp
51.75.174.235,ip235.ip-51-75-174.eu,2,0.00011999999999999999,1574956877.2848315,1574956877.2849157,tcp
47.88.232.28,,2,0.0005049999999999999,1574956879.1808164,1574956879.1866305,tcp
51.77.212.124,124.ip-51-77-212.eu,2,0.000148,1574956885.6691332,1574956885.6692507,tcp
51.77.212.124,124.ip-51-77-212.eu,5,0.0014719999999999998,1574956885.7005723,1574956885.7151773,tcp
51.77.212.124,124.ip-51-77-212.eu,4,0.000592,1574956885.7711284,1574956885.794896,tcp
51.77.212.124,124.ip-51-77-212.eu,2,0.000148,1574956887.2041335,1574956887.2471263,tcp
51.77.212.124,124.ip-51-77-212.eu,2,0.00018399999999999997,1574956887.4172769,1574956887.4174387,tcp
51.77.212.124,124.ip-51-77-212.eu,2,0.000216,1574956887.4510872,1574956887.495144,tcp
51.77.212.124,124.ip-51-77-212.eu,3,0.00024999999999999995,1574956889.2244642,1574956889.2245476,tcp
172.217.18.195,par10s38-in-f3.1e100.net,9,0.002153,1574956735.5242093,1574956841.4403334,tcp
172.217.18.195,par10s38-in-f3.1e100.net,5,0.0005729999999999999,1574956896.7689137,1574956896.7755394,tcp
47.88.232.28,,21,0.006252000000000002,1574956879.1894803,1574956882.269004,tcp
172.217.22.138,par21s12-in-f10.1e100.net,9,0.0032500000000000003,1574956668.5091164,1574956668.6125135,tcp
216.58.204.129,par21s05-in-f1.1e100.net,2,0.00013199999999999998,1574956669.5896022,1574956669.5897174,tcp
216.58.213.138,par21s03-in-f138.1e100.net,2,0.000178,1574956671.3039916,1574956671.308437,tcp
216.58.213.138,par21s03-in-f138.1e100.net,3,0.000198,1574956673.1897109,1574956673.1897297,tcp
216.58.204.129,par21s05-in-f1.1e100.net,2,0.00013199999999999998,1574956681.7602425,1574956681.7962108,tcp
216.58.213.138,par21s03-in-f138.1e100.net,5,0.0012580000000000002,1574956682.1817224,1574956682.4057126,tcp
216.58.213.138,par21s03-in-f138.1e100.net,2,0.000148,1574956925.9064283,1574956925.9111307,tcp
216.58.213.138,par21s03-in-f138.1e100.net,2,0.000148,1574956925.9239552,1574956925.928639,tcp
216.58.213.138,par21s03-in-f138.1e100.net,3,0.00421,1574956925.927208,1574956925.9376037,tcp
216.58.213.138,par21s03-in-f138.1e100.net,2,0.00013199999999999998,1574956925.9545639,1574956925.9561667,tcp
216.58.213.138,par21s03-in-f138.1e100.net,3,0.004209,1574956925.944614,1574956925.9543417,tcp
216.58.213.138,par21s03-in-f138.1e100.net,2,0.00013199999999999998,1574956925.9716535,1574956925.9727926,tcp
216.58.213.138,par21s03-in-f138.1e100.net,3,0.00318,1574956925.9952664,1574956925.995982,tcp
216.58.213.138,par21s03-in-f138.1e100.net,2,0.000178,1574956926.0122797,1574956926.0212843,tcp
216.58.213.138,par21s03-in-f138.1e100.net,3,0.0027179999999999995,1574956926.2485664,1574956926.2485785,tcp
216.58.213.138,par21s03-in-f138.1e100.net,3,0.0017640000000000002,1574956925.975481,1574956925.9997616,tcp
216.58.213.138,par21s03-in-f138.1e100.net,2,0.00157,1574956926.612538,1574956926.6125493,tcp
172.217.18.195,par10s38-in-f3.1e100.net,2,0.00013199999999999998,1574956923.0596685,1574956923.1571512,tcp
172.217.18.195,par10s38-in-f3.1e100.net,2,0.00011999999999999999,1574956926.8846214,1574956926.8862207,tcp
172.217.18.206,ham02s14-in-f206.1e100.net,2,0.000148,1574956927.4422648,1574956927.4467788,tcp
172.217.18.206,ham02s14-in-f206.1e100.net,3,0.004079999999999999,1574956927.4647973,1574956927.4742148,tcp
172.217.18.206,ham02s14-in-f206.1e100.net,2,0.00013199999999999998,1574956927.4984567,1574956927.498471,tcp
172.217.18.206,ham02s14-in-f206.1e100.net,3,0.0019,1574956927.5081117,1574956927.5102494,tcp
172.217.18.206,ham02s14-in-f206.1e100.net,6,0.0005749999999999999,1574956927.5642507,1574956927.5921328,tcp
172.217.18.206,ham02s14-in-f206.1e100.net,11,0.003134,1574956927.6134365,1574956927.8690014,tcp
172.217.18.206,ham02s14-in-f206.1e100.net,3,0.000326,1574956928.111222,1574956928.270339,tcp
172.217.18.206,ham02s14-in-f206.1e100.net,2,0.000163,1574956931.7486045,1574956931.7489033,tcp
172.217.18.206,ham02s14-in-f206.1e100.net,2,0.000148,1574956931.7358038,1574956931.7407374,tcp
172.217.18.206,ham02s14-in-f206.1e100.net,3,0.0040809999999999996,1574956931.7576528,1574956931.767366,tcp
172.217.18.206,ham02s14-in-f206.1e100.net,2,0.00013199999999999998,1574956931.7871494,1574956931.7871735,tcp
172.217.18.206,ham02s14-in-f206.1e100.net,2,0.00048499999999999997,1574956931.8093238,1574956931.8093524,tcp
172.217.18.206,ham02s14-in-f206.1e100.net,2,0.000254,1574956931.8259046,1574956931.8260746,tcp
172.217.18.206,ham02s14-in-f206.1e100.net,2,0.00016999999999999999,1574956931.8514755,1574956931.8526785,tcp
172.217.18.206,ham02s14-in-f206.1e100.net,3,0.000806,1574956932.055794,1574956932.0566669,tcp
216.58.204.129,par21s05-in-f1.1e100.net,2,0.000148,1574956932.0834086,1574956932.0878403,tcp
216.58.204.129,par21s05-in-f1.1e100.net,3,0.0008709999999999999,1574956932.129759,1574956932.1346123,tcp
216.58.204.129,par21s05-in-f1.1e100.net,2,0.000252,1574956932.154916,1574956932.159529,tcp
172.217.18.206,ham02s14-in-f206.1e100.net,3,0.00024399999999999997,1574956932.083774,1574956932.1044233,tcp
172.217.18.206,ham02s14-in-f206.1e100.net,5,0.000982,1574956932.2209558,1574956932.2386024,tcp
216.58.204.129,par21s05-in-f1.1e100.net,3,0.000274,1574956932.1802669,1574956932.217023,tcp
216.58.204.129,par21s05-in-f1.1e100.net,2,0.009574999999999998,1574956932.6027606,1574956932.6027725,tcp
216.58.204.129,par21s05-in-f1.1e100.net,3,0.0042450000000000005,1574956932.603789,1574956932.604796,tcp
216.58.204.129,par21s05-in-f1.1e100.net,2,0.00283,1574956932.6068149,1574956932.606837,tcp
216.58.204.129,par21s05-in-f1.1e100.net,2,0.004179,1574956932.6089103,1574956932.6099446,tcp
216.58.204.129,par21s05-in-f1.1e100.net,6,0.0003959999999999999,1574956932.6476495,1574956932.6477673,tcp
216.58.204.129,par21s05-in-f1.1e100.net,2,0.00013199999999999998,1574956932.647943,1574956932.6479702,tcp
216.58.204.129,par21s05-in-f1.1e100.net,33,0.053439999999999994,1574956932.6497164,1574956932.6702769,tcp
216.58.204.129,par21s05-in-f1.1e100.net,8,0.0007729999999999998,1574956932.672224,1574956932.6756768,tcp
216.58.204.129,par21s05-in-f1.1e100.net,2,0.00013199999999999998,1574956932.6806667,1574956932.680709,tcp
216.58.204.129,par21s05-in-f1.1e100.net,2,0.00013199999999999998,1574956932.6824033,1574956932.6824336,tcp
179.60.192.3,edge-star-shv-01-cdg2.facebook.com,2,0.000148,1574956935.0777905,1574956935.0826137,tcp
179.60.192.36,edge-star-mini-shv-01-cdg2.facebook.com,2,0.000148,1574956935.0838506,1574956935.08866,tcp
179.60.192.3,edge-star-shv-01-cdg2.facebook.com,2,0.000148,1574956935.0867262,1574956935.0915847,tcp
157.240.21.35,edge-star-mini-shv-01-cdt1.facebook.com,2,0.000148,1574956935.0968866,1574956935.1016152,tcp
179.60.192.3,edge-star-shv-01-cdg2.facebook.com,3,0.002708,1574956935.1016946,1574956935.1076362,tcp
179.60.192.36,edge-star-mini-shv-01-cdg2.facebook.com,4,0.000954,1574956935.1145236,1574956935.1200407,tcp
179.60.192.3,edge-star-shv-01-cdg2.facebook.com,4,0.000954,1574956935.12202,1574956935.1274335,tcp
157.240.21.35,edge-star-mini-shv-01-cdt1.facebook.com,4,0.0009559999999999998,1574956935.1234658,1574956935.1290157,tcp
172.217.22.138,par21s12-in-f10.1e100.net,2,0.000148,1574956935.8068194,1574956935.8112974,tcp
172.217.22.138,par21s12-in-f10.1e100.net,3,0.004218,1574956935.8300383,1574956935.8393388,tcp
172.217.22.138,par21s12-in-f10.1e100.net,7,0.001008,1574956935.860138,1574956935.8759646,tcp
172.217.22.138,par21s12-in-f10.1e100.net,2,0.0007779999999999999,1574956935.898721,1574956935.9031816,tcp
172.217.22.138,par21s12-in-f10.1e100.net,3,0.002581,1574956936.4702654,1574956936.4702752,tcp
172.217.22.138,par21s12-in-f10.1e100.net,2,0.000178,1574956936.5087376,1574956936.510073,tcp
179.60.192.2,edge-mqtt-shv-01-cdg2.facebook.com,2,0.000148,1574956936.5049357,1574956936.5096965,tcp
179.60.192.2,edge-mqtt-shv-01-cdg2.facebook.com,5,0.00131,1574956936.5324235,1574956936.5384216,tcp
179.60.192.2,edge-mqtt-shv-01-cdg2.facebook.com,2,0.000216,1574956936.5569909,1574956936.558066,tcp
51.38.191.92,92.ip-51-38-191.eu,2,0.000116,1574956936.9661396,1574956936.9663882,tcp
179.60.192.2,edge-mqtt-shv-01-cdg2.facebook.com,6,0.000658,1574956936.581474,1574956936.6036437,tcp
167.99.173.171,mike.cm,2,0.000148,1574956940.8585656,1574956940.8586783,tcp
172.217.19.234,par21s11-in-f10.1e100.net,2,0.000148,1574956940.975533,1574956940.9802752,tcp
216.58.204.131,par21s05-in-f131.1e100.net,2,0.000148,1574956941.0678737,1574956941.0725746,tcp
172.217.19.234,par21s11-in-f10.1e100.net,3,0.004221,1574956941.0779352,1574956941.0890753,tcp
216.58.204.131,par21s05-in-f131.1e100.net,3,0.004098,1574956941.0926967,1574956941.102454,tcp
157.240.21.53,whatsapp-chatd-edge-shv-01-cdt1.facebook.com,3,0.00022399999999999997,1574956848.412133,1574956848.4375687,tcp
167.99.173.171,mike.cm,5,0.0014719999999999998,1574956941.015859,1574956941.1572623,tcp
216.58.204.131,par21s05-in-f131.1e100.net,2,0.00013199999999999998,1574956941.1227648,1574956941.122774,tcp
157.240.21.53,whatsapp-chatd-edge-shv-01-cdt1.facebook.com,3,0.00023499999999999997,1574956941.249673,1574956941.2768974,tcp
216.58.204.131,par21s05-in-f131.1e100.net,3,0.001035,1574956941.3741953,1574956941.4015448,tcp
172.217.19.234,par21s11-in-f10.1e100.net,2,0.00013199999999999998,1574956941.1089294,1574956941.1102815,tcp
167.99.173.171,mike.cm,4,0.000592,1574956941.37908,1574956941.5434759,tcp
172.217.19.234,par21s11-in-f10.1e100.net,6,0.0019749999999999998,1574956941.7127507,1574956941.7496197,tcp
172.217.19.234,par21s11-in-f10.1e100.net,3,0.003738,1574956941.9222126,1574956941.922259,tcp
172.217.19.234,par21s11-in-f10.1e100.net,3,0.001052,1574956941.927167,1574956941.9318328,tcp
172.217.19.234,par21s11-in-f10.1e100.net,2,0.000321,1574956941.9551268,1574956941.955175,tcp
216.58.206.234,par10s34-in-f10.1e100.net,2,0.000148,1574956941.9621527,1574956941.9669008,tcp
216.58.206.234,par10s34-in-f10.1e100.net,3,0.004227,1574956941.9882889,1574956941.9978905,tcp
47.74.139.242,,4,0.00043099999999999996,1574956941.3813224,1574956941.7177536,tcp
161.117.69.231,,4,0.00043099999999999996,1574956941.4192333,1574956941.7710626,tcp
216.58.206.234,par10s34-in-f10.1e100.net,2,0.00013199999999999998,1574956942.0159476,1574956942.015979,tcp
216.58.206.234,par10s34-in-f10.1e100.net,2,0.000256,1574956942.1393125,1574956942.1393309,tcp
216.58.206.234,par10s34-in-f10.1e100.net,2,0.00048499999999999997,1574956942.1449802,1574956942.1449997,tcp
216.58.206.234,par10s34-in-f10.1e100.net,3,0.000878,1574956942.167591,1574956942.1676383,tcp
161.117.69.231,,4,0.003296999999999999,1574956942.0895183,1574956942.1425607,tcp
167.99.173.171,mike.cm,2,0.000148,1574956942.0420322,1574956942.0831337,tcp
167.99.173.171,mike.cm,2,0.00018399999999999997,1574956942.2231414,1574956942.2233052,tcp
179.60.192.2,edge-mqtt-shv-01-cdg2.facebook.com,2,0.000167,1574956938.7725255,1574956938.827135,tcp
216.58.206.234,par10s34-in-f10.1e100.net,3,0.0006230000000000001,1574956942.3820114,1574956942.3820753,tcp
47.74.139.242,,5,0.003443999999999999,1574956942.0373542,1574956942.191268,tcp
179.60.192.2,edge-mqtt-shv-01-cdg2.facebook.com,2,0.000148,1574956942.5768032,1574956942.5817633,tcp
216.58.206.234,par10s34-in-f10.1e100.net,2,0.000148,1574956942.5981097,1574956942.6029167,tcp
179.60.192.2,edge-mqtt-shv-01-cdg2.facebook.com,4,0.003523,1574956942.6038144,1574956942.6093686,tcp
216.58.206.234,par10s34-in-f10.1e100.net,2,0.00032799999999999995,1574956942.6225955,1574956942.6273298,tcp
179.60.192.2,edge-mqtt-shv-01-cdg2.facebook.com,2,0.00013199999999999998,1574956942.6265335,1574956942.6278856,tcp
216.58.206.234,par10s34-in-f10.1e100.net,3,0.000198,1574956942.6541338,1574956942.6541913,tcp
179.60.192.2,edge-mqtt-shv-01-cdg2.facebook.com,2,0.0006039999999999999,1574956942.6485224,1574956942.6688743,tcp
216.58.206.234,par10s34-in-f10.1e100.net,4,0.0007170000000000001,1574956942.685254,1574956942.6910622,tcp
161.117.69.231,,2,0.0009299999999999999,1574956942.5081046,1574956942.5545146,tcp
216.58.204.138,par21s05-in-f138.1e100.net,2,0.000148,1574956942.9749296,1574956942.9792464,tcp
216.58.204.138,par21s05-in-f138.1e100.net,3,0.000936,1574956943.0543585,1574956943.0594459,tcp
216.58.204.138,par21s05-in-f138.1e100.net,2,0.000332,1574956943.0858247,1574956943.0933466,tcp
179.60.192.2,edge-mqtt-shv-01-cdg2.facebook.com,2,0.000165,1574956943.0317478,1574956943.0868704,tcp
179.60.192.2,edge-mqtt-shv-01-cdg2.facebook.com,3,0.00023099999999999998,1574956943.2170722,1574956943.258875,tcp
216.58.206.234,par10s34-in-f10.1e100.net,2,0.00016999999999999999,1574956942.7205203,1574956942.729066,tcp
216.58.198.195,par10s27-in-f195.1e100.net,2,0.000148,1574956943.8157394,1574956943.8205209,tcp
216.58.198.195,par10s27-in-f195.1e100.net,3,0.004088,1574956943.868929,1574956943.8784533,tcp
216.58.198.195,par10s27-in-f195.1e100.net,2,0.00013199999999999998,1574956943.8953109,1574956943.8980722,tcp
216.58.198.195,par10s27-in-f195.1e100.net,5,0.0075390000000000006,1574956943.949652,1574956943.975381,tcp
216.58.198.195,par10s27-in-f195.1e100.net,2,0.000148,1574956944.013681,1574956944.0183926,tcp
216.58.198.195,par10s27-in-f195.1e100.net,6,0.00588,1574956943.996976,1574956944.021297,tcp
216.58.198.195,par10s27-in-f195.1e100.net,2,0.000148,1574956944.0243196,1574956944.029234,tcp
216.58.198.195,par10s27-in-f195.1e100.net,2,0.000148,1574956944.03285,1574956944.0372968,tcp
216.58.198.195,par10s27-in-f195.1e100.net,3,0.000877,1574956944.0502276,1574956944.0552685,tcp
216.58.198.195,par10s27-in-f195.1e100.net,3,0.000877,1574956944.0559158,1574956944.060607,tcp
216.58.198.195,par10s27-in-f195.1e100.net,3,0.000877,1574956944.0558891,1574956944.0613809,tcp
216.58.198.195,par10s27-in-f195.1e100.net,2,0.000183,1574956944.076245,1574956944.0849223,tcp
216.58.198.195,par10s27-in-f195.1e100.net,2,0.000183,1574956944.080667,1574956944.0892172,tcp
216.58.198.195,par10s27-in-f195.1e100.net,2,0.000183,1574956944.080658,1574956944.0892692,tcp
216.58.198.195,par10s27-in-f195.1e100.net,4,0.0073880000000000005,1574956944.115635,1574956944.1177683,tcp
216.58.198.195,par10s27-in-f195.1e100.net,5,0.008582,1574956944.1227832,1574956944.1237314,tcp
216.58.198.195,par10s27-in-f195.1e100.net,4,0.006569,1574956944.1232283,1574956944.124419,tcp
216.58.198.195,par10s27-in-f195.1e100.net,2,0.00013199999999999998,1574956944.1599376,1574956944.1599827,tcp
167.99.173.171,mike.cm,2,0.000216,1574956942.3631384,1574956942.4070487,tcp
167.99.173.171,mike.cm,3,0.00024999999999999995,1574956944.804083,1574956944.8041625,tcp
161.117.69.231,,2,0.000433,1574956945.9121094,1574956945.9121654,tcp
179.60.192.2,edge-mqtt-shv-01-cdg2.facebook.com,31,0.026032,1574956943.3612797,1574956946.51435,tcp
179.60.192.2,edge-mqtt-shv-01-cdg2.facebook.com,2,0.000165,1574956947.0129082,1574956947.0320034,tcp
179.60.192.2,edge-mqtt-shv-01-cdg2.facebook.com,2,0.000167,1574956942.4274113,1574956942.4437003,tcp
179.60.192.2,edge-mqtt-shv-01-cdg2.facebook.com,5,0.000886,1574956948.9925888,1574956949.031181,tcp
179.60.192.2,edge-mqtt-shv-01-cdg2.facebook.com,2,0.000178,1574956949.099771,1574956949.104533,tcp
216.58.213.138,par21s03-in-f138.1e100.net,2,0.000148,1574956951.0277126,1574956951.0320225,tcp
216.58.213.138,par21s03-in-f138.1e100.net,3,0.004213,1574956951.0662203,1574956951.0753934,tcp
216.58.213.138,par21s03-in-f138.1e100.net,5,0.003121,1574956951.1186175,1574956951.118891,tcp
216.58.213.138,par21s03-in-f138.1e100.net,3,0.000589,1574956951.123154,1574956951.1232138,tcp
216.58.213.138,par21s03-in-f138.1e100.net,2,0.00013199999999999998,1574956951.1415367,1574956951.1487772,tcp
161.117.69.231,,2,0.000668,1574956946.0343242,1574956946.350487,tcp
172.217.18.206,ham02s14-in-f206.1e100.net,2,0.000178,1574956932.2494369,1574956932.254354,tcp
216.58.204.129,par21s05-in-f1.1e100.net,5,0.000376,1574956932.6849303,1574956932.7009668,tcp
172.217.18.195,par10s38-in-f3.1e100.net,2,0.000178,1574956896.8010108,1574956896.809333,tcp
216.58.204.129,par21s05-in-f1.1e100.net,5,0.00061,1574956955.231264,1574956955.3069372,tcp
216.58.204.129,par21s05-in-f1.1e100.net,2,0.00283,1574956955.465267,1574956955.4652896,tcp
216.58.204.129,par21s05-in-f1.1e100.net,6,0.017002999999999997,1574956955.4660685,1574956955.4686325,tcp
216.58.204.129,par21s05-in-f1.1e100.net,4,0.00026399999999999997,1574956955.4877803,1574956955.487831,tcp
216.58.204.129,par21s05-in-f1.1e100.net,3,0.000198,1574956955.4883556,1574956955.4884512,tcp
216.58.204.129,par21s05-in-f1.1e100.net,39,0.10438700000000001,1574956955.496206,1574956955.5580304,tcp
216.58.204.129,par21s05-in-f1.1e100.net,5,0.00032999999999999994,1574956955.562836,1574956955.565938,tcp
216.58.204.129,par21s05-in-f1.1e100.net,2,0.00013199999999999998,1574956955.5819943,1574956955.5820036,tcp
216.58.204.129,par21s05-in-f1.1e100.net,2,0.00013199999999999998,1574956955.5821204,1574956955.582162,tcp
216.58.204.129,par21s05-in-f1.1e100.net,2,0.00013199999999999998,1574956955.5823057,1574956955.5823824,tcp
216.58.204.129,par21s05-in-f1.1e100.net,2,0.00013199999999999998,1574956955.5876987,1574956955.5877225,tcp
216.58.204.129,par21s05-in-f1.1e100.net,5,0.000376,1574956955.5878596,1574956955.5881472,tcp
216.58.204.129,par21s05-in-f1.1e100.net,4,0.00026399999999999997,1574956955.595933,1574956955.5961149,tcp
216.58.204.129,par21s05-in-f1.1e100.net,3,0.000198,1574956955.6028962,1574956955.6029537,tcp
216.58.204.129,par21s05-in-f1.1e100.net,7,0.0004619999999999999,1574956955.6030595,1574956955.6036305,tcp
216.58.204.129,par21s05-in-f1.1e100.net,3,0.00029199999999999994,1574956955.623678,1574956955.6450279,tcp
216.58.204.129,par21s05-in-f1.1e100.net,2,0.00283,1574956955.7281182,1574956955.7281501,tcp
216.58.204.129,par21s05-in-f1.1e100.net,2,0.004293,1574956955.7289264,1574956955.7289522,tcp
216.58.204.129,par21s05-in-f1.1e100.net,4,0.00026399999999999997,1574956955.750544,1574956955.7506542,tcp
216.58.204.129,par21s05-in-f1.1e100.net,2,0.000178,1574956955.7536247,1574956955.7582576,tcp
216.58.204.129,par21s05-in-f1.1e100.net,17,0.03828099999999999,1574956955.779706,1574956955.8490987,tcp
216.58.204.129,par21s05-in-f1.1e100.net,4,0.00026399999999999997,1574956955.8918688,1574956955.8919332,tcp
216.58.204.129,par21s05-in-f1.1e100.net,4,0.00026399999999999997,1574956955.8980196,1574956955.898113,tcp
216.58.204.129,par21s05-in-f1.1e100.net,2,0.00013199999999999998,1574956955.8982456,1574956955.8982978,tcp
216.58.204.129,par21s05-in-f1.1e100.net,4,0.0012439999999999999,1574956955.901892,1574956955.9024916,tcp
216.58.204.129,par21s05-in-f1.1e100.net,10,0.014971999999999997,1574956955.9208217,1574956955.9618747,tcp
216.58.204.129,par21s05-in-f1.1e100.net,2,0.005528,1574956955.9787197,1574956955.9788861,tcp
216.58.204.129,par21s05-in-f1.1e100.net,2,0.0012490000000000001,1574956955.9799354,1574956955.9805272,tcp
216.58.204.129,par21s05-in-f1.1e100.net,2,0.00013199999999999998,1574956955.9883604,1574956955.988383,tcp
216.58.204.129,par21s05-in-f1.1e100.net,2,0.000178,1574956955.9896924,1574956955.9897285,tcp
216.58.204.129,par21s05-in-f1.1e100.net,2,0.00013199999999999998,1574956955.9962466,1574956955.997934,tcp
216.58.213.138,par21s03-in-f138.1e100.net,21,0.015686,1574956951.1694071,1574956954.8149254,tcp
216.58.213.138,par21s03-in-f138.1e100.net,3,0.0042450000000000005,1574956956.2665699,1574956956.2675698,tcp
216.58.213.138,par21s03-in-f138.1e100.net,2,0.00283,1574956956.2716887,1574956956.2717073,tcp
47.74.139.242,,5,0.0035239999999999994,1574956942.55459,1574956942.919648,tcp
216.58.213.138,par21s03-in-f138.1e100.net,9,0.0015770000000000003,1574956956.3762941,1574956956.4262333,tcp
216.58.213.138,par21s03-in-f138.1e100.net,2,0.0008529999999999999,1574956960.6529796,1574956960.6543782,tcp
216.58.213.138,par21s03-in-f138.1e100.net,2,0.0021650000000000003,1574956960.7842276,1574956960.7842882,tcp
216.58.213.138,par21s03-in-f138.1e100.net,9,0.001109,1574956960.7886133,1574956960.8896916,tcp
216.58.209.238,par10s29-in-f14.1e100.net,2,0.00013199999999999998,1574956901.0790315,1574956901.143321,tcp
216.58.213.138,par21s03-in-f138.1e100.net,3,0.002066,1574956961.1210108,1574956961.1222794,tcp
216.58.213.138,par21s03-in-f138.1e100.net,2,0.000178,1574956961.1625187,1574956961.162558,tcp
216.58.213.138,par21s03-in-f138.1e100.net,2,0.00216,1574956961.1858912,1574956961.1859255,tcp
216.58.213.138,par21s03-in-f138.1e100.net,13,0.005464000000000001,1574956961.1902614,1574956961.8013349,tcp
216.58.213.138,par21s03-in-f138.1e100.net,3,0.003153,1574956962.2546473,1574956962.2565742,tcp
216.58.213.138,par21s03-in-f138.1e100.net,3,0.00024399999999999997,1574956962.3419664,1574956962.3529074,tcp
216.58.213.138,par21s03-in-f138.1e100.net,3,0.0007909999999999999,1574956962.3886783,1574956962.393044,tcp
216.58.213.138,par21s03-in-f138.1e100.net,3,0.000881,1574956962.6325498,1574956962.6369436,tcp
216.58.213.138,par21s03-in-f138.1e100.net,3,0.0014559999999999998,1574956962.9863915,1574956962.9872818,tcp
216.58.213.138,par21s03-in-f138.1e100.net,6,0.0022600000000000003,1574956963.0703342,1574956963.0816176,tcp
216.58.213.138,par21s03-in-f138.1e100.net,2,0.000178,1574956963.1038322,1574956963.1038656,tcp
216.58.213.138,par21s03-in-f138.1e100.net,2,0.002164,1574956963.1376433,1574956963.1377196,tcp
216.58.213.138,par21s03-in-f138.1e100.net,17,0.008403,1574956963.1419919,1574956963.9309072,tcp
47.74.170.155,,2,0.000227,1574956667.9394202,1574956667.9683447,tcp
172.217.18.195,par10s38-in-f3.1e100.net,7,0.0005319999999999999,1574956668.9538379,1574956908.9746444,tcp
216.58.204.129,par21s05-in-f1.1e100.net,1,5.4e-05,1574956669.0381382,1574956669.0381382,tcp
216.58.209.234,par10s29-in-f10.1e100.net,5,0.00038599999999999995,1574956669.2242613,1574956909.1461875,tcp
106.12.152.194,,2,0.000108,1574956670.044744,1574956670.0448084,tcp
66.102.1.188,wb-in-f188.1e100.net,11,0.004149000000000001,1574956671.326417,1574956931.4235473,tcp
172.217.18.195,par10s38-in-f3.1e100.net,6,0.0004269999999999999,1574956674.4175053,1574956681.784063,tcp
216.58.213.138,par21s03-in-f138.1e100.net,6,0.0004269999999999999,1574956675.1534412,1574956705.310771,tcp
172.217.18.206,ham02s14-in-f206.1e100.net,7,0.0005779999999999998,1574956682.4696286,1574956682.5334513,tcp
172.217.18.195,par10s38-in-f3.1e100.net,5,0.000318,1574956683.1147676,1574956955.2449813,tcp
60.250.164.169,mail.ustv.com.tw,7,0.0005819999999999999,1574956684.6950858,1574956687.4778924,tcp
156.236.126.154,,3,0.000198,1574956728.927136,1574956733.764474,tcp
216.58.201.234,par10s33-in-f10.1e100.net,4,0.000216,1574956730.8777888,1574956730.8779998,tcp
172.217.18.206,ham02s14-in-f206.1e100.net,1,5.4e-05,1574956742.583669,1574956742.583669,tcp
49.4.22.130,ecs-49-4-22-130.compute.hwclouds-dns.com,2,0.000112,1574956756.3336298,1574956756.3337467,tcp
216.58.213.138,par21s03-in-f138.1e100.net,6,0.00036,1574956756.996355,1574956757.6087737,tcp
216.58.213.138,par21s03-in-f138.1e100.net,6,0.00036,1574956757.1014185,1574956757.6089063,tcp
216.58.213.138,par21s03-in-f138.1e100.net,2,0.00011999999999999999,1574956757.4959462,1574956757.6088307,tcp
216.58.213.170,par21s04-in-f170.1e100.net,6,0.00036,1574956758.2521265,1574956758.7391152,tcp
167.99.173.171,mike.cm,1,6.599999999999999e-05,1574956764.6019561,1574956764.6019561,tcp
188.128.39.127,,7,0.0005819999999999999,1574956775.127147,1574956777.670572,tcp
216.58.213.170,par21s04-in-f170.1e100.net,2,0.00011999999999999999,1574956792.2340546,1574956792.3730159,tcp
91.189.187.211,,2,0.000108,1574956794.0215375,1574956794.0216773,tcp
47.74.170.157,,4,0.00028799999999999995,1574956796.8493986,1574956797.2475982,tcp
106.12.152.194,,2,0.000108,1574956810.3968806,1574956810.396997,tcp
172.217.18.206,ham02s14-in-f206.1e100.net,12,0.0010119999999999999,1574956818.124763,1574956847.3877058,tcp
196.192.110.64,,7,0.0005819999999999999,1574956826.899108,1574956829.3564122,tcp
216.58.209.228,par10s29-in-f228.1e100.net,2,0.00011999999999999999,1574956852.9301534,1574956852.9801831,tcp
157.240.21.32,edge-mqtt-mini-shv-01-cdt1.facebook.com,1,6.599999999999999e-05,1574956871.3343718,1574956871.3343718,tcp
172.217.18.206,ham02s14-in-f206.1e100.net,1,5.4e-05,1574956873.6598568,1574956873.6598568,tcp
172.217.18.206,ham02s14-in-f206.1e100.net,42,0.010111000000000002,1574956874.146519,1574956927.455269,tcp
51.75.174.235,ip235.ip-51-75-174.eu,3,0.00017,1574956877.8596325,1574956878.3895874,tcp
47.88.232.28,,2,0.0009019999999999999,1574956881.1386058,1574956883.3432786,tcp
51.77.212.124,124.ip-51-77-212.eu,1,6.599999999999999e-05,1574956889.243905,1574956889.243905,tcp
47.88.232.28,,2,0.000108,1574956897.1787434,1574956897.2610128,tcp
172.217.22.138,par21s12-in-f10.1e100.net,9,0.000647,1574956908.588323,1574956908.7528164,tcp
216.58.204.129,par21s05-in-f1.1e100.net,9,0.000601,1574956909.493544,1574956909.61472,tcp
216.58.213.138,par21s03-in-f138.1e100.net,8,0.000535,1574956911.2687275,1574956911.370248,tcp
216.58.213.138,par21s03-in-f138.1e100.net,5,0.00033,1574956913.3274248,1574956942.9119146,tcp
216.58.204.129,par21s05-in-f1.1e100.net,5,0.000337,1574956921.7279456,1574956926.3220692,tcp
216.58.213.138,par21s03-in-f138.1e100.net,3,0.00018599999999999997,1574956922.5501022,1574956955.2449133,tcp
106.13.79.1,,2,0.000108,1574956924.5150213,1574956924.5150924,tcp
216.58.213.138,par21s03-in-f138.1e100.net,4,0.00026399999999999997,1574956926.3059907,1574956955.2709987,tcp
216.58.213.138,par21s03-in-f138.1e100.net,4,0.00026399999999999997,1574956926.667931,1574956955.271146,tcp
172.217.18.206,ham02s14-in-f206.1e100.net,1,6.599999999999999e-05,1574956931.7695856,1574956931.7695856,tcp
179.60.192.3,edge-star-shv-01-cdg2.facebook.com,6,0.0007199999999999999,1574956935.1269596,1574956935.212217,tcp
179.60.192.36,edge-star-mini-shv-01-cdg2.facebook.com,4,0.000526,1574956935.13723,1574956935.2122273,tcp
179.60.192.3,edge-star-shv-01-cdg2.facebook.com,4,0.000526,1574956935.144044,1574956935.2151983,tcp
157.240.21.35,edge-star-mini-shv-01-cdt1.facebook.com,4,0.000526,1574956935.1462083,1574956935.2181947,tcp
51.38.191.92,92.ip-51-38-191.eu,2,0.000112,1574956936.823312,1574956936.8233926,tcp
51.38.191.92,92.ip-51-38-191.eu,2,0.000112,1574956936.8401556,1574956936.8402345,tcp
51.38.191.92,92.ip-51-38-191.eu,2,0.000112,1574956936.8555226,1574956936.8555942,tcp
51.38.191.92,92.ip-51-38-191.eu,2,0.000112,1574956936.9407017,1574956936.9407723,tcp
51.38.191.92,92.ip-51-38-191.eu,2,0.000112,1574956936.9552374,1574956936.9553747,tcp
157.240.21.53,whatsapp-chatd-edge-shv-01-cdt1.facebook.com,1,6.599999999999999e-05,1574956941.4272704,1574956941.4272704,tcp
216.58.206.234,par10s34-in-f10.1e100.net,2,0.000178,1574956942.4086223,1574956942.4170709,tcp
216.58.204.138,par21s05-in-f138.1e100.net,7,0.002121,1574956943.1194348,1574956943.2122095,tcp
216.58.206.234,par10s34-in-f10.1e100.net,11,0.007151,1574956943.365876,1574956943.7198596,tcp
216.58.198.195,par10s27-in-f195.1e100.net,1,6.599999999999999e-05,1574956944.0502546,1574956944.0502546,tcp
216.58.198.195,par10s27-in-f195.1e100.net,2,0.00013199999999999998,1574956944.1597867,1574956944.1598642,tcp
216.58.198.195,par10s27-in-f195.1e100.net,2,0.00013199999999999998,1574956944.1600983,1574956944.1970627,tcp
167.99.173.171,mike.cm,1,6.599999999999999e-05,1574956944.9460936,1574956944.9460936,tcp
179.60.192.2,edge-mqtt-shv-01-cdg2.facebook.com,1,6.599999999999999e-05,1574956949.1978488,1574956949.1978488,tcp
161.117.69.231,,2,0.00014199999999999998,1574956951.3555925,1574956951.3803425,tcp
172.217.18.206,ham02s14-in-f206.1e100.net,2,0.00013199999999999998,1574956955.2140448,1574956955.231679,tcp
172.217.18.195,par10s38-in-f3.1e100.net,2,0.00013199999999999998,1574956955.2455893,1574956955.2711062,tcp
216.58.204.129,par21s05-in-f1.1e100.net,1,6.599999999999999e-05,1574956956.0042896,1574956956.0042896,tcp
47.74.139.242,,2,0.000108,1574956957.8745189,1574956958.0775714,tcp
216.58.209.238,par10s29-in-f14.1e100.net,1,5.4e-05,1574956961.137295,1574956961.137295,tcp
